type,id
file,0050a69d6e93eddcd1ea4b7e951945f8970e5700d9436238bde7f63d757988ae
file,0bb0e1fcff8ccf54c6f9ecfd4bbb6757f6a25cb0e7a173d12cf0f402a3ae706f
file,1a9c27e5be8c58da1c02fc4245a07831d5d431cdd1a91cd35d2dd0ad62da71cd
file,250e81eeb4df4649ccb13e271ae3f80d44995b2f8ffca7a2c5e1c738546c2ab1
file,2b541f122ed0f9d8ba7112bb73472463c6ab449aa232b4a91ecd94e2af6099e5
file,2c5d3fea7ad3c9c49e9c1a154370229c86c48fbaf7044213fd85d31efcebf7f6
file,3518195c256aa940c607f8534c91b5a9cd453c7417810de3cd4d262e2906d24f
file,3bc0340007f3a9831cb35766f2eb42de81d13aeb99b3a8c07dee0bb8b000cb96
file,3d2013c2ba0aa1c0475cab186ddf3d9005133fe5f88b5d8604b46673b96a40d8
file,5b3a0b1b89ca463f56984cf67ea1719f1ddee770d1e14438e3fcf9b5301f2c83
file,6691e15f9f964cac735b0827ec7aeed3e74fb6d2042fc9b7cb8a80ff14f06f0d
file,67a78b39e760e3460a135a7e4fa096ab6ce6b013658103890c866d9401928ba5
file,687459d587df273184469f7e707c0e5db8fe4e3d4b15756d666891127851680b
file,718ec829a453fd48c767e8ff2a51ea4f449b4459903cf058336ad50f0d413ef6
file,8061bb999a0f5d3165742283001a7a68e7905718c928172343bf8456b69f268d
file,94f773dd75730702107c2f8aae236082b9f9c9aa9712478d4234a8fe085d2d1b
file,a40b815afce131df6d4bc3f389cb64b742f545481119d3ecb78dda22e546a41a
file,a78fa1ecadc46870c17e458ab427bad6586b74c7d3e8472f6d8448832ccb20f1
file,a864282fea5a536510ae86c77ce46f7827687783628e4f2ceb5bf2c41b8cd3c6
file,b183b142d3c4e99ee07c3407b82858146fa61ded95be2e67ce920c8002309fb0
file,b55ecbddcbed916481ad537807cd3e33cb71814be6ce8e03eb63b629ccb8c692
file,be5d2e94c2498ec052fb025e3348085e418c856dd43080501acfe2067ba54c41
file,d5c2f87033a5baeeb1b5b681f2c4a156ff1c05ccd1bfdaf6eae019fc4d5320ee
file,d7ba9881345d71862a68080d210643e2c2d3e17fd13065385edcd3b3391898c3
file,f6f74e05e24dd2e4e60e5fb50f73fc720ee826a43f2f0056e5b88724fa06fbab
