TYPE,INDICATOR,CREATED
hash,eec3a55b1599eee16a47954e1bb230ec99db5f96,2024-08-08 12:50:15.542461
hash,ee682488fe843d8bb826854d23b2cea73fad4969,2024-08-08 12:50:15.539150
hash,e9aa4e6c514ee951665a7cd6f0b4a4c49146241d,2024-08-08 12:50:15.536027
hash,c2f6ce083fe3850f082719026486160ea266e6a8,2024-08-08 12:50:15.532696
hash,bd886d47719d0881fcd7001713169215996f530f,2024-08-08 12:50:15.529781
hash,b67b17b8930c872da4347be931fb9b27c624f0cb,2024-08-08 12:50:15.526757
hash,b312a5003d6919d5985630dbd655d306a318ce13,2024-08-08 12:50:15.523803
hash,ada3a90f022fbdaee50245ecdaab6e5756d18d0d,2024-08-08 12:50:15.520871
hash,a7ca950c6dadd02ab8fafdba8f984266fc2f9b7c,2024-08-08 12:50:15.517854
hash,82793d93d987abb357809f069420d17a25a59f26,2024-08-08 12:50:15.514588
hash,63c31bcda20194821d142a0ed131eb32649aa32e,2024-08-08 12:50:15.511571
hash,5f27d44bfdd918e17605cdef3883c8070325cdfb,2024-08-08 12:50:15.508426
hash,261535c91df592071adb5cdbf255566c9ce019dc,2024-08-08 12:50:15.505424
hash,06156f7e42dc18f36c64855edb8adbb892cac0c0,2024-08-08 12:50:15.501815
hash,eaa6160cf4ed6b7d8d68eeb42c0362d5,2024-08-08 12:50:15.498302
hash,cfb2286b45544fdb23569f59c02e3d58,2024-08-08 12:50:15.495281
hash,bd1efe953875f35cc8b787c0980e8a75,2024-08-08 12:50:15.492222
hash,bbdcda77bfb86e861474617cc5c828f9,2024-08-08 12:50:15.489098
hash,ba8763fc59d73b28b070cb6eb393aa83,2024-08-08 12:50:15.486018
hash,a1dd2dff2859b22bcf6a3a4d868a2dbc,2024-08-08 12:50:15.482943
hash,8c8916d8ea8c44e383d55e919a9f989f,2024-08-08 12:50:15.480006
hash,477293f80461713d51a98a24023d45e8,2024-08-08 12:50:15.476778
hash,392880023da7df0f504056be9e58d141,2024-08-08 12:50:15.473730
hash,3034b61a52ddc30eabdb96f49334453b,2024-08-08 12:50:15.470228
hash,19ebefbb1e4cb0fc5ce21b954f52e1bc,2024-08-08 12:50:15.466684
hash,19209b41db4a3d67e2c2c1962d91bd25,2024-08-08 12:50:15.463193
hash,0cd4b7a48220b565eb7bd59f172ea278,2024-08-08 12:50:15.459704
hash,09e382be8dc54551cbfc60557d5a70b0,2024-08-08 12:50:15.454520
hash,fb78afe826a14d4e0cc883fcdb6fe339e45a3fe728e575137b231aec6418a18f,2024-08-08 12:48:19.847273
hash,3dabecacc40e2904beba9372e95cf25cec8bb021c080f5d892fbf2eeb0e97006,2024-08-08 12:48:19.839406
cve,CVE-2021-44228,2024-07-10 14:20:06.669897
cve,CVE-2021-34527,2024-07-10 14:20:06.561177
cve,CVE-2022-26809,2024-07-10 14:20:06.456362
hash,a96a0ba7998a6956c8073b6eff9306398cc03fb9866e4cabf0810a69bb2a43b2,2024-06-26 12:33:44.890698
hash,f1a6e08a5fd013f96facc4bb0d8dfb6940683f5bdfc161bd3a1de8189dea26d3,2024-06-26 12:33:44.887500
hash,fb9f9734d7966d6bc15cce5150abb63aadd4223924800f0b90dc07a311fb0a7e,2024-06-26 12:33:44.883874
hash,e654ef69635ab6a2c569b3f8059b06aee4bce937afb275ad4ec77c0e4a712f23,2024-06-26 12:33:44.880941
hash,7114288232e469ff368418005049cf9653fe5c1cdcfcd63d668c558b0a3470f2,2024-06-26 12:33:44.877748
hash,595cd80f8c84bc443eff619add01b86b8839097621cdd148f30e7e2214f2c8cb,2024-06-26 12:33:44.875002
hash,36e5be9ed3ec960b40b5a9b07ba8e15d4d24ca6cd51607df21ac08cda55a5a8e,2024-06-26 12:33:44.871912
hash,2f3d82f7f8bd9ff2f145f9927be1ab16f8d7d61400083930e36b6b9ac5bbe2ad,2024-06-26 12:33:44.868349
hash,104b22a45e4166a5473c9db924394e1fe681ef374970ed112edd089c4c8b83f2,2024-06-26 12:33:44.865143
hash,ea9f0bd64a3ef44fe80ce1a25c387b562a6b87c4d202f24953c3d9204386cf00,2024-06-26 12:33:44.861563
hash,8f59b4f0f53031c555ef7b2738d3a94ed73568504e6c07aa1f3fa3f1fd786de7,2024-06-26 12:33:44.858020
hash,7539bd88d9bb42d280673b573fc0f5783f32db559c564b95ae33d720d9034f5a,2024-06-26 12:33:44.854799
hash,34e479181419efd0c00266bef0210f267beaa92116e18f33854ca420f65e2087,2024-06-26 12:33:44.850724
hash,02e9f0fbb7f3acea4fcf155dc7813e15c1c8d1c77c3ae31252720a9fa7454292,2024-06-26 12:33:44.842564
